{
  "Transparency" : 0,
  "Tags" : [

  ],
  "Ansi 12 Color" : {
    "Red Component" : 0.4428966045379639,
    "Color Space" : "Calibrated",
    "Blue Component" : 0.5253707766532898,
    "Alpha Component" : 1,
    "Green Component" : 0.5853437781333923
  },
  "Ansi 7 Color" : {
    "Red Component" : 0.5926094651222229,
    "Color Space" : "Calibrated",
    "Blue Component" : 0.4432018399238586,
    "Alpha Component" : 1,
    "Green Component" : 0.5310559868812561
  },
  "Ansi 8 Color" : {
    "Red Component" : 0.4988959431648254,
    "Color Space" : "Calibrated",
    "Blue Component" : 0.3796206712722778,
    "Alpha Component" : 1,
    "Green Component" : 0.4393444359302521
  },
  "Bold Color" : {
    "Red Component" : 1,
    "Color Space" : "Calibrated",
    "Blue Component" : 1,
    "Alpha Component" : 1,
    "Green Component" : 1
  },
  "Ansi 9 Color" : {
    "Red Component" : 0.9674471020698547,
    "Color Space" : "Calibrated",
    "Blue Component" : 0.1576358377933502,
    "Alpha Component" : 1,
    "Green Component" : 0.1888048648834229
  },
  "Ansi 1 Color" : {
    "Red Component" : 0.7452905178070068,
    "Color Space" : "Calibrated",
    "Blue Component" : 0.09068439155817032,
    "Alpha Component" : 1,
    "Green Component" : 0.05879192054271698
  },
  "Custom Directory" : "No",
  "Rows" : 25,
  "Default Bookmark" : "No",
  "Cursor Guide Color" : {
    "Red Component" : 0.1786712557077408,
    "Color Space" : "Calibrated",
    "Blue Component" : 0.1599370688199997,
    "Alpha Component" : 1,
    "Green Component" : 0.1661379188299179
  },
  "Non-ASCII Anti Aliased" : true,
  "Use Bright Bold" : true,
  "Ansi 10 Color" : {
    "Red Component" : 0.6657493114471436,
    "Color Space" : "Calibrated",
    "Blue Component" : 0.116614893078804,
    "Alpha Component" : 1,
    "Green Component" : 0.6906197071075439
  },
  "Ambiguous Double Width" : false,
  "Jobs to Ignore" : [
    "rlogin",
    "ssh",
    "slogin",
    "telnet"
  ],
  "Ansi 15 Color" : {
    "Red Component" : 0.9006124138832092,
    "Color Space" : "Calibrated",
    "Blue Component" : 0.6387386918067932,
    "Alpha Component" : 1,
    "Green Component" : 0.8298989534378052
  },
  "Foreground Color" : {
    "Red Component" : 0.9006124138832092,
    "Color Space" : "Calibrated",
    "Blue Component" : 0.6387386918067932,
    "Alpha Component" : 1,
    "Green Component" : 0.8298989534378052
  },
  "Working Directory" : "\/Users\/richashw",
  "Blinking Cursor" : false,
  "Disable Window Resizing" : true,
  "Sync Title" : false,
  "Prompt Before Closing 2" : false,
  "BM Growl" : true,
  "Command" : "",
  "Description" : "Default",
  "Mouse Reporting" : true,
  "Screen" : -1,
  "Selection Color" : {
    "Red Component" : 0.9006124138832092,
    "Color Space" : "Calibrated",
    "Blue Component" : 0.6387386918067932,
    "Alpha Component" : 1,
    "Green Component" : 0.8298989534378052
  },
  "Columns" : 80,
  "Idle Code" : 0,
  "Ansi 13 Color" : {
    "Red Component" : 0.7809695601463318,
    "Color Space" : "Calibrated",
    "Blue Component" : 0.538483738899231,
    "Alpha Component" : 1,
    "Green Component" : 0.438835620880127
  },
  "Custom Command" : "No",
  "ASCII Anti Aliased" : true,
  "Non Ascii Font" : "FuraCodeNerdFontCompleteM-Retina 12",
  "Vertical Spacing" : 1,
  "Use Bold Font" : true,
  "Option Key Sends" : 0,
  "Selected Text Color" : {
    "Red Component" : 0.3250140845775604,
    "Color Space" : "Calibrated",
    "Blue Component" : 0.2604166865348816,
    "Alpha Component" : 1,
    "Green Component" : 0.2891082763671875
  },
  "Background Color" : {
    "Red Component" : 0.1175992786884308,
    "Color Space" : "Calibrated",
    "Blue Component" : 0.1175977438688278,
    "Alpha Component" : 1,
    "Green Component" : 0.1175957396626472
  },
  "Character Encoding" : 4,
  "Ansi 11 Color" : {
    "Red Component" : 0.9694970846176147,
    "Color Space" : "Calibrated",
    "Blue Component" : 0.1444794088602066,
    "Alpha Component" : 1,
    "Green Component" : 0.6926688551902771
  },
  "Thin Strokes" : 0,
  "Use Italic Font" : true,
  "Unlimited Scrollback" : false,
  "Keyboard Map" : {
    "0xf700-0x260000" : {
      "Action" : 10,
      "Text" : "[1;6A"
    },
    "0x37-0x40000" : {
      "Action" : 11,
      "Text" : "0x1f"
    },
    "0x32-0x40000" : {
      "Action" : 11,
      "Text" : "0x00"
    },
    "0xf709-0x20000" : {
      "Action" : 10,
      "Text" : "[17;2~"
    },
    "0xf70c-0x20000" : {
      "Action" : 10,
      "Text" : "[20;2~"
    },
    "0xf729-0x20000" : {
      "Action" : 10,
      "Text" : "[1;2H"
    },
    "0xf72b-0x40000" : {
      "Action" : 10,
      "Text" : "[1;5F"
    },
    "0xf705-0x20000" : {
      "Action" : 10,
      "Text" : "[1;2Q"
    },
    "0xf703-0x260000" : {
      "Action" : 10,
      "Text" : "[1;6C"
    },
    "0xf700-0x220000" : {
      "Action" : 10,
      "Text" : "[1;2A"
    },
    "0xf701-0x280000" : {
      "Action" : 11,
      "Text" : "0x1b 0x1b 0x5b 0x42"
    },
    "0x38-0x40000" : {
      "Action" : 11,
      "Text" : "0x7f"
    },
    "0x33-0x40000" : {
      "Action" : 11,
      "Text" : "0x1b"
    },
    "0xf703-0x220000" : {
      "Action" : 10,
      "Text" : "[1;2C"
    },
    "0xf701-0x240000" : {
      "Action" : 10,
      "Text" : "[1;5B"
    },
    "0xf70d-0x20000" : {
      "Action" : 10,
      "Text" : "[21;2~"
    },
    "0xf702-0x260000" : {
      "Action" : 10,
      "Text" : "[1;6D"
    },
    "0xf729-0x40000" : {
      "Action" : 10,
      "Text" : "[1;5H"
    },
    "0xf706-0x20000" : {
      "Action" : 10,
      "Text" : "[1;2R"
    },
    "0x34-0x40000" : {
      "Action" : 11,
      "Text" : "0x1c"
    },
    "0xf700-0x280000" : {
      "Action" : 11,
      "Text" : "0x1b 0x1b 0x5b 0x41"
    },
    "0x2d-0x40000" : {
      "Action" : 11,
      "Text" : "0x1f"
    },
    "0xf70e-0x20000" : {
      "Action" : 10,
      "Text" : "[23;2~"
    },
    "0xf702-0x220000" : {
      "Action" : 10,
      "Text" : "[1;2D"
    },
    "0xf703-0x280000" : {
      "Action" : 11,
      "Text" : "0x1b 0x1b 0x5b 0x43"
    },
    "0xf700-0x240000" : {
      "Action" : 10,
      "Text" : "[1;5A"
    },
    "0xf707-0x20000" : {
      "Action" : 10,
      "Text" : "[1;2S"
    },
    "0xf70a-0x20000" : {
      "Action" : 10,
      "Text" : "[18;2~"
    },
    "0x35-0x40000" : {
      "Action" : 11,
      "Text" : "0x1d"
    },
    "0xf70f-0x20000" : {
      "Action" : 10,
      "Text" : "[24;2~"
    },
    "0xf703-0x240000" : {
      "Action" : 10,
      "Text" : "[1;5C"
    },
    "0xf701-0x260000" : {
      "Action" : 10,
      "Text" : "[1;6B"
    },
    "0xf702-0x280000" : {
      "Action" : 11,
      "Text" : "0x1b 0x1b 0x5b 0x44"
    },
    "0xf72b-0x20000" : {
      "Action" : 10,
      "Text" : "[1;2F"
    },
    "0x36-0x40000" : {
      "Action" : 11,
      "Text" : "0x1e"
    },
    "0xf708-0x20000" : {
      "Action" : 10,
      "Text" : "[15;2~"
    },
    "0xf701-0x220000" : {
      "Action" : 10,
      "Text" : "[1;2B"
    },
    "0xf70b-0x20000" : {
      "Action" : 10,
      "Text" : "[19;2~"
    },
    "0xf702-0x240000" : {
      "Action" : 10,
      "Text" : "[1;5D"
    },
    "0xf704-0x20000" : {
      "Action" : 10,
      "Text" : "[1;2P"
    }
  },
  "Window Type" : 0,
  "Cursor Type" : 2,
  "Background Image Location" : "",
  "Blur" : false,
  "Badge Color" : {
    "Red Component" : 0.7928692102432251,
    "Color Space" : "Calibrated",
    "Blue Component" : 0.05654937028884888,
    "Alpha Component" : 0.5,
    "Green Component" : 0.2810039520263672
  },
  "Scrollback Lines" : 1000,
  "Send Code When Idle" : false,
  "Close Sessions On End" : true,
  "Terminal Type" : "xterm-256color",
  "Visual Bell" : true,
  "Flashing Bell" : false,
  "Silence Bell" : false,
  "Ansi 14 Color" : {
    "Red Component" : 0.4907242059707642,
    "Color Space" : "Calibrated",
    "Blue Component" : 0.4114286303520203,
    "Alpha Component" : 1,
    "Green Component" : 0.7125746011734009
  },